HyperVariable Region,Taxonomy Rank to be classified,Test Size,Main Class prop,XGBoost - XGB(4)
V4,5,1967,0.03358555688304792,0.610574478901881
V4,5,1908,0.03327314934227495,0.6016771488469601
